CSID,CaseMasterID,csdate,cstype,PolicePersonID
1,2,2026-03-29 00:00:00,C,9052
2,5,2026-03-07 00:00:00,C,9383
3,6,2025-08-19 00:00:00,A,9344
4,11,2025-11-13 00:00:00,A,9164
5,12,2026-01-22 00:00:00,A,9358
6,13,2025-07-26 00:00:00,A,9083
7,14,2026-03-26 00:00:00,B,9015
8,19,2025-10-10 00:00:00,C,9118
9,22,2025-05-07 00:00:00,A,9300
10,23,2025-12-31 00:00:00,A,9371
11,26,2025-08-22 00:00:00,B,9360
12,29,2025-10-08 00:00:00,C,9168
13,31,2025-07-21 00:00:00,A,9275
14,33,2026-02-05 00:00:00,A,9238
15,34,2025-09-13 00:00:00,A,9190
16,36,2026-01-29 00:00:00,A,9336
17,38,2026-05-11 00:00:00,A,9041
18,43,2025-10-06 00:00:00,B,9118
19,44,2026-01-24 00:00:00,A,9017
20,48,2025-05-17 00:00:00,C,9091
21,49,2025-11-13 00:00:00,A,9127
22,52,2026-03-15 00:00:00,A,9335
23,55,2026-01-14 00:00:00,A,9217
24,56,2025-08-05 00:00:00,A,9237
25,57,2025-10-13 00:00:00,A,9121
26,58,2025-12-12 00:00:00,A,9070
27,64,2025-11-09 00:00:00,B,9139
28,65,2026-04-12 00:00:00,A,9009
29,66,2025-05-18 00:00:00,A,9235
30,67,2025-07-10 00:00:00,B,9192
31,68,2026-01-11 00:00:00,B,9011
32,77,2025-09-11 00:00:00,B,9055
33,80,2026-04-11 00:00:00,B,9021
34,81,2026-02-18 00:00:00,A,9120
35,82,2025-02-28 00:00:00,A,9064
36,84,2025-09-12 00:00:00,C,9276
37,85,2025-08-02 00:00:00,A,9317
38,86,2025-11-15 00:00:00,A,9367
39,88,2026-03-20 00:00:00,C,9228
40,90,2025-06-26 00:00:00,A,9065
41,91,2025-10-31 00:00:00,A,9205
42,96,2025-03-08 00:00:00,A,9217
43,100,2025-12-03 00:00:00,A,9163
44,102,2025-11-18 00:00:00,A,9191
45,108,2025-03-17 00:00:00,A,9235
46,113,2026-06-01 00:00:00,A,9349
47,115,2026-06-02 00:00:00,A,9103
48,116,2025-10-25 00:00:00,A,9319
49,120,2025-03-22 00:00:00,B,9050
50,123,2025-08-26 00:00:00,A,9085
51,125,2025-03-20 00:00:00,A,9388
52,127,2025-12-28 00:00:00,B,9141
53,128,2025-12-29 00:00:00,B,9345
54,129,2025-06-14 00:00:00,A,9151
55,133,2025-11-19 00:00:00,C,9382
56,134,2025-12-13 00:00:00,A,9363
57,136,2025-06-03 00:00:00,C,9328
58,137,2025-05-21 00:00:00,A,9209
59,140,2025-09-03 00:00:00,B,9161
60,144,2026-01-22 00:00:00,A,9396
61,147,2026-03-30 00:00:00,A,9101
62,148,2025-12-06 00:00:00,A,9271
63,151,2025-12-17 00:00:00,A,9054
64,152,2025-08-24 00:00:00,B,9384
65,155,2025-07-22 00:00:00,A,9111
66,156,2026-06-05 00:00:00,A,9336
67,159,2025-11-16 00:00:00,C,9330
68,161,2025-05-17 00:00:00,B,9354
69,163,2025-06-28 00:00:00,B,9293
70,166,2025-05-19 00:00:00,A,9378
71,168,2025-07-11 00:00:00,A,9116
72,170,2025-05-20 00:00:00,A,9194
73,171,2025-11-26 00:00:00,C,9178
74,177,2025-04-26 00:00:00,A,9177
75,179,2025-10-28 00:00:00,A,9186
76,181,2026-02-14 00:00:00,A,9272
77,182,2026-04-11 00:00:00,A,9260
78,183,2026-03-06 00:00:00,A,9251
79,186,2025-03-23 00:00:00,B,9383
80,187,2025-09-07 00:00:00,A,9121
81,188,2025-05-30 00:00:00,A,9041
82,190,2025-09-02 00:00:00,B,9346
83,192,2026-04-25 00:00:00,A,9361
84,193,2026-03-12 00:00:00,B,9356
85,194,2025-08-31 00:00:00,A,9315
86,198,2025-04-17 00:00:00,A,9101
87,199,2026-01-11 00:00:00,C,9347
88,201,2025-02-25 00:00:00,A,9371
89,202,2025-03-30 00:00:00,A,9345
90,203,2026-01-16 00:00:00,A,9265
91,204,2025-11-25 00:00:00,A,9341
92,206,2025-02-10 00:00:00,C,9106
93,207,2026-01-24 00:00:00,A,9229
94,209,2025-10-25 00:00:00,A,9123
95,212,2025-07-30 00:00:00,A,9151
96,214,2025-07-25 00:00:00,A,9192
97,219,2025-10-01 00:00:00,A,9108
98,221,2026-04-07 00:00:00,A,9063
99,226,2025-05-08 00:00:00,A,9187
100,227,2025-11-07 00:00:00,A,9220
101,228,2026-02-15 00:00:00,A,9045
102,229,2025-08-30 00:00:00,B,9010
103,230,2025-10-06 00:00:00,B,9082
104,232,2026-02-27 00:00:00,A,9277
105,235,2025-08-14 00:00:00,A,9372
106,236,2025-11-21 00:00:00,A,9398
107,237,2026-02-07 00:00:00,A,9314
108,239,2025-12-21 00:00:00,A,9079
109,242,2026-05-19 00:00:00,A,9300
110,244,2026-01-26 00:00:00,A,9261
111,249,2026-02-06 00:00:00,A,9269
112,252,2026-02-19 00:00:00,A,9263
113,253,2025-10-12 00:00:00,B,9099
114,254,2025-03-18 00:00:00,A,9030
115,256,2025-12-27 00:00:00,A,9015
116,264,2026-01-18 00:00:00,A,9185
117,268,2025-11-24 00:00:00,A,9271
118,272,2025-08-19 00:00:00,B,9266
119,274,2025-09-17 00:00:00,A,9064
120,277,2025-12-11 00:00:00,A,9068
121,283,2025-11-04 00:00:00,A,9136
122,287,2026-04-26 00:00:00,A,9016
123,290,2025-09-03 00:00:00,A,9400
124,293,2025-03-13 00:00:00,A,9168
125,295,2025-03-18 00:00:00,A,9252
126,297,2025-12-21 00:00:00,A,9315
127,300,2025-03-11 00:00:00,A,9240
128,301,2025-07-10 00:00:00,C,9217
129,305,2025-07-17 00:00:00,A,9314
130,309,2025-10-10 00:00:00,C,9345
131,311,2025-12-30 00:00:00,A,9020
132,312,2025-04-29 00:00:00,A,9310
133,315,2025-11-08 00:00:00,A,9372
134,316,2025-10-20 00:00:00,A,9159
135,318,2025-12-01 00:00:00,A,9154
136,319,2025-09-19 00:00:00,A,9176
137,326,2026-01-10 00:00:00,A,9268
138,328,2026-02-26 00:00:00,C,9069
139,330,2026-04-03 00:00:00,A,9245
140,331,2026-01-03 00:00:00,A,9384
141,334,2025-05-25 00:00:00,A,9008
142,338,2025-07-17 00:00:00,A,9191
143,339,2025-11-12 00:00:00,C,9197
144,343,2025-10-17 00:00:00,A,9212
145,344,2026-03-17 00:00:00,A,9153
146,345,2025-03-06 00:00:00,A,9151
147,346,2026-04-04 00:00:00,B,9127
148,351,2025-08-28 00:00:00,A,9053
149,354,2025-08-05 00:00:00,A,9007
150,355,2026-04-28 00:00:00,C,9096
151,356,2025-10-29 00:00:00,A,9271
152,358,2026-02-21 00:00:00,B,9321
153,359,2025-06-27 00:00:00,A,9030
154,361,2026-06-05 00:00:00,A,9361
155,363,2025-09-30 00:00:00,A,9121
156,364,2026-01-29 00:00:00,B,9250
157,365,2026-03-28 00:00:00,A,9152
158,368,2025-08-17 00:00:00,A,9271
159,369,2025-04-23 00:00:00,A,9270
160,370,2026-05-03 00:00:00,A,9114
161,378,2025-11-28 00:00:00,A,9273
162,379,2026-02-06 00:00:00,A,9160
163,380,2026-02-01 00:00:00,A,9380
164,381,2025-08-11 00:00:00,A,9278
165,384,2025-10-02 00:00:00,A,9318
166,385,2026-05-09 00:00:00,C,9388
167,388,2025-07-01 00:00:00,A,9256
168,389,2025-07-08 00:00:00,A,9204
169,390,2025-06-03 00:00:00,A,9060
170,394,2025-04-05 00:00:00,A,9129
171,397,2025-08-22 00:00:00,A,9149
172,398,2025-11-13 00:00:00,B,9289
173,399,2025-10-13 00:00:00,A,9105
174,402,2025-07-28 00:00:00,C,9398
175,405,2025-10-26 00:00:00,A,9081
176,406,2025-12-02 00:00:00,A,9090
177,408,2026-02-07 00:00:00,A,9338
178,409,2025-06-08 00:00:00,A,9311
179,413,2025-02-26 00:00:00,A,9363
180,419,2025-07-23 00:00:00,A,9215
181,420,2025-10-15 00:00:00,A,9010
182,421,2025-09-12 00:00:00,A,9167
183,424,2025-10-12 00:00:00,B,9228
184,425,2025-12-13 00:00:00,A,9215
185,428,2025-08-24 00:00:00,C,9394
186,430,2025-10-12 00:00:00,A,9349
187,431,2026-04-26 00:00:00,A,9323
188,434,2025-10-04 00:00:00,B,9204
189,437,2025-03-01 00:00:00,A,9126
190,439,2026-04-27 00:00:00,A,9327
191,442,2025-09-22 00:00:00,A,9144
192,445,2025-04-18 00:00:00,B,9166
193,448,2025-05-18 00:00:00,A,9027
194,450,2025-07-12 00:00:00,A,9264
195,451,2026-01-26 00:00:00,A,9057
196,452,2026-01-02 00:00:00,A,9347
197,456,2025-05-14 00:00:00,A,9229
198,458,2025-07-06 00:00:00,A,9184
199,459,2025-02-10 00:00:00,A,9085
200,462,2026-05-17 00:00:00,A,9259
201,463,2025-06-18 00:00:00,A,9080
202,464,2025-07-16 00:00:00,A,9167
203,467,2025-07-08 00:00:00,A,9305
204,468,2025-07-08 00:00:00,A,9111
205,469,2025-03-08 00:00:00,A,9045
206,470,2026-05-31 00:00:00,A,9088
207,471,2025-04-09 00:00:00,C,9290
208,474,2025-03-28 00:00:00,A,9259
209,477,2025-08-18 00:00:00,A,9309
210,478,2025-09-23 00:00:00,A,9288
211,484,2025-05-03 00:00:00,B,9324
212,488,2025-06-08 00:00:00,A,9270
213,495,2025-09-04 00:00:00,A,9275
214,497,2025-08-17 00:00:00,B,9211
215,498,2025-04-17 00:00:00,A,9244
216,501,2025-05-25 00:00:00,A,9337
217,503,2026-02-20 00:00:00,A,9140
218,506,2025-06-19 00:00:00,A,9220
219,509,2025-06-25 00:00:00,C,9369
220,510,2025-08-09 00:00:00,A,9104
221,511,2025-07-01 00:00:00,B,9009
222,513,2025-12-01 00:00:00,C,9205
223,516,2025-09-27 00:00:00,A,9331
224,517,2025-10-05 00:00:00,A,9398
225,518,2026-02-16 00:00:00,A,9162
226,526,2026-01-31 00:00:00,A,9206
227,527,2025-12-24 00:00:00,A,9033
228,531,2026-02-18 00:00:00,B,9066
229,537,2026-02-04 00:00:00,A,9178
230,541,2025-11-12 00:00:00,A,9303
231,543,2025-08-21 00:00:00,A,9201
232,549,2026-03-12 00:00:00,A,9202
233,552,2025-06-12 00:00:00,A,9311
234,558,2025-12-08 00:00:00,B,9152
235,561,2025-07-15 00:00:00,B,9162
236,563,2025-12-06 00:00:00,A,9160
237,564,2025-11-08 00:00:00,A,9201
238,568,2026-04-24 00:00:00,A,9362
239,571,2026-01-22 00:00:00,C,9293
240,574,2025-11-02 00:00:00,A,9387
241,576,2025-09-13 00:00:00,A,9360
242,578,2025-05-08 00:00:00,A,9290
243,580,2025-11-16 00:00:00,C,9113
244,588,2025-03-08 00:00:00,A,9362
245,589,2025-10-21 00:00:00,A,9297
246,590,2026-02-24 00:00:00,B,9185
247,591,2025-12-28 00:00:00,A,9298
248,594,2025-12-26 00:00:00,A,9239
249,598,2026-01-18 00:00:00,B,9350
250,599,2025-06-01 00:00:00,A,9169
251,602,2025-05-11 00:00:00,A,9234
252,603,2025-08-27 00:00:00,A,9105
253,604,2026-03-30 00:00:00,C,9390
254,610,2026-01-22 00:00:00,B,9288
255,615,2026-02-28 00:00:00,A,9242
256,616,2025-12-14 00:00:00,A,9221
257,617,2025-08-15 00:00:00,B,9397
258,619,2026-03-16 00:00:00,B,9264
259,620,2025-04-09 00:00:00,A,9032
260,621,2025-04-10 00:00:00,A,9189
261,623,2026-05-26 00:00:00,A,9341
262,625,2025-08-29 00:00:00,A,9084
263,626,2026-02-25 00:00:00,A,9184
264,628,2025-05-07 00:00:00,A,9115
265,630,2026-05-04 00:00:00,A,9240
266,631,2025-05-02 00:00:00,A,9375
267,632,2025-10-17 00:00:00,B,9230
268,634,2025-11-18 00:00:00,C,9096
269,636,2025-07-02 00:00:00,B,9130
270,639,2026-04-19 00:00:00,C,9022
271,640,2026-02-14 00:00:00,A,9166
272,641,2025-05-16 00:00:00,A,9355
273,647,2025-07-25 00:00:00,A,9341
274,648,2025-07-02 00:00:00,C,9399
275,651,2025-07-28 00:00:00,A,9320
276,652,2025-10-21 00:00:00,B,9136
277,653,2025-11-02 00:00:00,A,9396
278,657,2026-05-23 00:00:00,A,9325
279,658,2025-11-14 00:00:00,A,9124
280,659,2025-09-12 00:00:00,A,9317
281,660,2026-03-04 00:00:00,B,9374
282,665,2025-09-17 00:00:00,B,9196
283,669,2025-10-03 00:00:00,A,9130
284,670,2025-11-27 00:00:00,A,9319
285,671,2025-10-12 00:00:00,A,9144
286,672,2025-07-23 00:00:00,A,9096
287,674,2025-08-17 00:00:00,A,9099
288,676,2025-09-06 00:00:00,A,9308
289,679,2025-07-01 00:00:00,A,9351
290,682,2025-04-02 00:00:00,A,9094
291,683,2025-12-13 00:00:00,A,9307
292,684,2026-02-09 00:00:00,A,9110
293,686,2026-01-02 00:00:00,A,9039
294,687,2025-07-17 00:00:00,A,9292
295,689,2025-09-27 00:00:00,A,9367
296,691,2026-02-02 00:00:00,B,9113
297,692,2025-09-30 00:00:00,B,9179
298,693,2026-04-16 00:00:00,A,9380
299,694,2026-06-10 00:00:00,C,9132
300,696,2025-08-12 00:00:00,A,9291
301,699,2025-12-05 00:00:00,A,9304
302,701,2025-10-12 00:00:00,A,9313
303,702,2025-07-25 00:00:00,B,9337
304,706,2025-04-16 00:00:00,A,9008
305,708,2025-04-27 00:00:00,A,9342
306,713,2025-08-14 00:00:00,A,9338
307,714,2025-10-15 00:00:00,A,9379
308,719,2025-03-23 00:00:00,B,9065
309,720,2025-08-30 00:00:00,B,9070
310,721,2025-11-14 00:00:00,B,9284
311,722,2026-02-10 00:00:00,A,9356
312,723,2025-07-19 00:00:00,A,9107
313,728,2025-07-04 00:00:00,A,9192
314,729,2025-05-26 00:00:00,A,9227
315,732,2026-04-21 00:00:00,C,9239
316,735,2025-09-22 00:00:00,B,9198
317,736,2025-07-12 00:00:00,A,9210
318,738,2025-09-07 00:00:00,A,9087
319,746,2025-08-15 00:00:00,C,9275
320,751,2025-10-17 00:00:00,B,9306
321,753,2025-11-17 00:00:00,A,9045
322,756,2025-07-08 00:00:00,A,9026
323,757,2025-11-13 00:00:00,C,9353
324,759,2025-06-12 00:00:00,A,9231
325,760,2025-02-03 00:00:00,A,9089
326,763,2026-05-19 00:00:00,A,9040
327,767,2026-01-08 00:00:00,A,9265
328,769,2025-04-02 00:00:00,A,9214
329,771,2025-10-08 00:00:00,A,9149
330,776,2025-05-16 00:00:00,A,9213
331,777,2025-09-28 00:00:00,A,9005
332,778,2025-06-15 00:00:00,B,9027
333,780,2025-04-02 00:00:00,A,9243
334,781,2026-04-13 00:00:00,A,9295
335,783,2025-05-05 00:00:00,A,9185
336,784,2025-04-14 00:00:00,A,9017
337,787,2026-04-01 00:00:00,C,9331
338,791,2025-06-17 00:00:00,A,9016
339,792,2025-06-09 00:00:00,A,9315
340,793,2025-09-23 00:00:00,A,9309
341,799,2025-08-18 00:00:00,A,9025
342,801,2025-04-21 00:00:00,A,9054
343,805,2025-04-14 00:00:00,A,9391
344,806,2025-10-02 00:00:00,A,9256
345,808,2026-01-31 00:00:00,A,9031
346,809,2026-03-01 00:00:00,A,9035
347,811,2025-05-21 00:00:00,A,9097
348,812,2026-03-05 00:00:00,A,9251
349,815,2025-08-04 00:00:00,A,9138
350,818,2025-12-19 00:00:00,B,9354
351,819,2025-11-12 00:00:00,A,9063
352,823,2025-05-26 00:00:00,B,9269
353,827,2025-08-10 00:00:00,A,9356
354,830,2025-10-18 00:00:00,A,9263
355,834,2025-07-08 00:00:00,C,9141
356,835,2026-06-09 00:00:00,A,9385
357,837,2025-09-05 00:00:00,A,9231
358,839,2025-07-05 00:00:00,A,9048
359,843,2025-02-11 00:00:00,A,9153
360,844,2025-04-28 00:00:00,B,9138
361,845,2026-03-10 00:00:00,A,9265
362,846,2025-07-30 00:00:00,A,9022
363,847,2025-09-26 00:00:00,B,9200
364,848,2025-05-10 00:00:00,A,9141
365,850,2026-03-12 00:00:00,A,9098
366,855,2025-06-20 00:00:00,A,9278
367,858,2026-04-22 00:00:00,A,9071
368,859,2025-09-23 00:00:00,A,9086
369,861,2026-02-02 00:00:00,B,9280
370,865,2026-05-06 00:00:00,B,9363
371,869,2025-08-13 00:00:00,B,9107
372,870,2026-02-09 00:00:00,A,9324
373,874,2026-03-03 00:00:00,B,9044
374,875,2026-02-24 00:00:00,A,9105
375,876,2026-01-29 00:00:00,A,9071
376,877,2026-04-27 00:00:00,A,9082
377,879,2025-09-07 00:00:00,B,9277
378,881,2025-09-26 00:00:00,B,9050
379,884,2025-05-21 00:00:00,A,9126
380,888,2026-03-20 00:00:00,A,9221
381,889,2025-12-22 00:00:00,A,9094
382,890,2026-04-15 00:00:00,A,9119
383,892,2025-07-17 00:00:00,A,9007
384,895,2025-12-29 00:00:00,A,9270
385,898,2026-04-16 00:00:00,C,9125
386,899,2025-10-21 00:00:00,A,9324
387,902,2025-08-04 00:00:00,A,9005
388,908,2025-11-11 00:00:00,B,9384
389,910,2026-03-29 00:00:00,A,9304
390,912,2025-08-26 00:00:00,A,9316
391,915,2026-03-17 00:00:00,A,9254
392,917,2025-05-21 00:00:00,A,9370
393,918,2025-07-27 00:00:00,A,9296
394,919,2026-01-12 00:00:00,A,9001
395,921,2025-08-24 00:00:00,A,9336
396,924,2025-05-19 00:00:00,A,9367
397,925,2025-10-29 00:00:00,A,9103
398,926,2025-11-22 00:00:00,C,9059
399,927,2025-10-12 00:00:00,A,9187
400,929,2026-05-24 00:00:00,A,9035
401,931,2025-09-03 00:00:00,A,9365
402,936,2025-09-02 00:00:00,A,9332
403,938,2025-03-15 00:00:00,A,9264
404,940,2026-03-24 00:00:00,A,9139
405,941,2025-09-25 00:00:00,A,9263
406,942,2025-08-04 00:00:00,A,9176
407,943,2025-12-02 00:00:00,A,9135
408,945,2025-03-15 00:00:00,A,9020
409,947,2025-12-14 00:00:00,A,9078
410,953,2026-04-10 00:00:00,C,9378
411,954,2025-03-22 00:00:00,B,9338
412,958,2026-05-02 00:00:00,C,9041
413,959,2026-06-03 00:00:00,B,9039
414,960,2025-11-02 00:00:00,B,9363
415,961,2025-04-02 00:00:00,A,9009
416,962,2025-11-15 00:00:00,A,9133
417,964,2025-03-25 00:00:00,A,9236
418,967,2026-04-26 00:00:00,A,9312
419,968,2025-03-29 00:00:00,A,9131
420,969,2025-07-28 00:00:00,A,9342
421,971,2025-04-23 00:00:00,A,9363
422,974,2025-12-20 00:00:00,A,9221
423,976,2025-03-22 00:00:00,A,9192
424,978,2025-09-22 00:00:00,A,9270
425,981,2026-02-11 00:00:00,A,9285
426,982,2026-01-25 00:00:00,A,9011
427,985,2025-09-16 00:00:00,A,9211
428,989,2025-06-23 00:00:00,A,9015
429,990,2025-09-03 00:00:00,C,9387
430,991,2026-01-30 00:00:00,A,9245
431,993,2025-05-02 00:00:00,A,9212
432,995,2025-12-19 00:00:00,A,9110
433,998,2026-01-21 00:00:00,A,9252
434,999,2026-03-09 00:00:00,A,9347
435,1000,2026-01-28 00:00:00,A,9130
436,1002,2025-07-18 00:00:00,A,9139
437,1004,2025-05-04 00:00:00,A,9395
438,1005,2025-04-07 00:00:00,A,9114
439,1006,2025-08-13 00:00:00,A,9367
440,1007,2025-02-25 00:00:00,B,9198
441,1008,2026-04-23 00:00:00,A,9197
442,1009,2026-01-23 00:00:00,A,9006
443,1012,2025-07-22 00:00:00,A,9084
444,1014,2025-04-11 00:00:00,A,9331
445,1015,2026-01-18 00:00:00,A,9265
446,1022,2025-08-17 00:00:00,A,9349
447,1023,2025-06-24 00:00:00,A,9065
448,1024,2025-06-02 00:00:00,A,9238
449,1032,2025-07-02 00:00:00,A,9186
450,1033,2025-10-07 00:00:00,A,9363
451,1035,2025-12-07 00:00:00,B,9072
452,1036,2025-08-24 00:00:00,A,9045
453,1037,2026-04-09 00:00:00,A,9267
454,1038,2025-03-28 00:00:00,A,9231
455,1040,2025-12-01 00:00:00,A,9132
456,1041,2025-03-17 00:00:00,A,9311
457,1043,2026-03-20 00:00:00,C,9148
458,1045,2026-03-10 00:00:00,A,9140
459,1046,2025-07-27 00:00:00,A,9182
460,1047,2025-09-15 00:00:00,A,9324
461,1050,2025-07-11 00:00:00,A,9100
462,1052,2025-07-02 00:00:00,A,9178
463,1053,2026-04-03 00:00:00,A,9134
464,1054,2026-03-26 00:00:00,A,9371
465,1055,2025-04-17 00:00:00,A,9106
466,1056,2025-11-18 00:00:00,B,9257
467,1063,2026-03-02 00:00:00,C,9216
468,1067,2025-12-05 00:00:00,B,9200
469,1071,2026-04-08 00:00:00,A,9041
470,1073,2025-12-18 00:00:00,B,9014
471,1074,2026-03-13 00:00:00,A,9392
472,1075,2026-06-02 00:00:00,A,9334
473,1076,2025-12-25 00:00:00,A,9179
474,1077,2025-10-13 00:00:00,A,9291
475,1081,2025-09-28 00:00:00,A,9348
476,1085,2025-07-10 00:00:00,A,9120
477,1090,2026-01-15 00:00:00,A,9041
478,1091,2025-12-09 00:00:00,B,9308
479,1092,2025-07-23 00:00:00,A,9040
480,1094,2026-03-15 00:00:00,A,9398
481,1096,2025-04-26 00:00:00,A,9123
482,1102,2025-05-01 00:00:00,A,9080
483,1103,2025-05-29 00:00:00,C,9143
484,1104,2025-05-17 00:00:00,A,9315
485,1105,2025-08-21 00:00:00,A,9233
486,1106,2026-05-16 00:00:00,A,9252
487,1110,2025-05-26 00:00:00,A,9033
488,1118,2025-08-06 00:00:00,A,9028
489,1119,2025-03-20 00:00:00,C,9279
490,1121,2025-08-09 00:00:00,A,9255
491,1122,2026-04-26 00:00:00,A,9311
492,1123,2025-06-12 00:00:00,A,9251
493,1124,2025-12-23 00:00:00,A,9369
494,1126,2025-07-01 00:00:00,C,9246
495,1127,2025-09-05 00:00:00,A,9177
496,1128,2025-11-17 00:00:00,A,9076
497,1129,2025-05-10 00:00:00,A,9281
498,1131,2026-05-20 00:00:00,A,9261
499,1132,2025-12-06 00:00:00,C,9232
500,1133,2025-11-13 00:00:00,A,9186
501,1138,2026-02-23 00:00:00,A,9082
502,1140,2026-04-11 00:00:00,A,9159
503,1143,2025-03-26 00:00:00,B,9210
504,1145,2026-03-23 00:00:00,A,9297
505,1148,2025-10-08 00:00:00,C,9273
506,1150,2026-02-21 00:00:00,A,9092
507,1151,2025-10-13 00:00:00,A,9025
508,1155,2026-02-28 00:00:00,C,9014
509,1156,2025-06-18 00:00:00,B,9236
510,1158,2026-02-10 00:00:00,A,9190
511,1159,2025-01-27 00:00:00,A,9281
512,1161,2025-05-02 00:00:00,C,9356
513,1165,2025-05-22 00:00:00,C,9146
514,1166,2026-01-13 00:00:00,B,9233
515,1169,2026-04-04 00:00:00,A,9328
516,1170,2025-11-24 00:00:00,B,9012
517,1171,2026-01-22 00:00:00,A,9248
518,1172,2025-07-08 00:00:00,A,9255
519,1176,2025-06-04 00:00:00,A,9148
520,1177,2025-04-09 00:00:00,B,9058
521,1183,2026-02-09 00:00:00,A,9343
522,1184,2025-05-16 00:00:00,A,9190
523,1185,2026-02-04 00:00:00,A,9289
524,1187,2025-11-19 00:00:00,A,9144
525,1191,2025-05-24 00:00:00,A,9244
526,1192,2025-06-12 00:00:00,A,9229
527,1197,2026-02-19 00:00:00,A,9065
528,1198,2025-06-15 00:00:00,A,9102
529,1200,2026-05-23 00:00:00,A,9014
530,1201,2026-03-27 00:00:00,A,9243
531,1203,2025-08-20 00:00:00,A,9278
532,1204,2025-03-07 00:00:00,A,9343
533,1205,2026-01-24 00:00:00,A,9355
534,1207,2025-09-15 00:00:00,A,9354
535,1208,2025-12-26 00:00:00,A,9038
536,1215,2025-05-31 00:00:00,B,9197
537,1216,2025-09-09 00:00:00,A,9205
538,1220,2026-01-09 00:00:00,A,9315
539,1224,2026-05-11 00:00:00,C,9309
540,1225,2025-12-26 00:00:00,B,9360
541,1226,2025-09-18 00:00:00,B,9389
542,1227,2025-05-10 00:00:00,A,9259
543,1230,2025-04-26 00:00:00,A,9293
544,1243,2025-05-16 00:00:00,A,9302
545,1246,2026-04-27 00:00:00,A,9045
546,1248,2025-10-25 00:00:00,C,9080
547,1250,2025-10-25 00:00:00,A,9356
548,1251,2025-07-21 00:00:00,A,9349
549,1253,2026-01-02 00:00:00,A,9373
550,1254,2025-08-11 00:00:00,A,9177
551,1256,2025-08-25 00:00:00,A,9041
552,1257,2025-10-27 00:00:00,C,9353
553,1264,2025-07-29 00:00:00,A,9309
554,1267,2025-09-08 00:00:00,B,9230
555,1268,2026-02-21 00:00:00,B,9043
556,1272,2025-12-29 00:00:00,A,9158
557,1273,2025-08-11 00:00:00,A,9154
558,1276,2026-03-07 00:00:00,A,9042
559,1277,2025-10-12 00:00:00,A,9331
560,1278,2026-04-06 00:00:00,A,9370
561,1287,2026-05-20 00:00:00,C,9031
562,1289,2026-04-27 00:00:00,A,9155
563,1292,2025-11-04 00:00:00,C,9392
564,1294,2025-09-18 00:00:00,A,9044
565,1296,2026-04-03 00:00:00,A,9254
566,1299,2025-08-29 00:00:00,A,9208
567,1301,2025-05-06 00:00:00,A,9262
568,1308,2026-02-08 00:00:00,A,9081
569,1311,2025-04-29 00:00:00,A,9158
570,1312,2026-02-25 00:00:00,B,9103
571,1316,2025-05-07 00:00:00,A,9032
572,1320,2026-03-17 00:00:00,A,9102
573,1323,2026-04-10 00:00:00,B,9206
574,1326,2026-04-07 00:00:00,A,9300
575,1328,2025-09-17 00:00:00,A,9255
576,1330,2025-08-03 00:00:00,A,9220
577,1335,2025-10-22 00:00:00,A,9338
578,1336,2025-04-27 00:00:00,A,9037
579,1337,2025-12-23 00:00:00,A,9349
580,1343,2025-04-20 00:00:00,A,9006
581,1344,2025-07-10 00:00:00,A,9321
582,1347,2025-04-12 00:00:00,B,9072
583,1349,2025-09-11 00:00:00,A,9364
584,1351,2025-05-16 00:00:00,A,9113
585,1356,2025-05-09 00:00:00,A,9340
586,1359,2025-05-04 00:00:00,A,9296
587,1361,2026-03-23 00:00:00,A,9348
588,1363,2026-01-29 00:00:00,B,9346
589,1364,2025-07-06 00:00:00,A,9109
590,1365,2026-01-26 00:00:00,A,9010
591,1367,2025-10-17 00:00:00,A,9043
592,1368,2025-09-24 00:00:00,A,9074
593,1370,2025-10-02 00:00:00,A,9033
594,1373,2025-03-11 00:00:00,A,9207
595,1376,2026-03-12 00:00:00,A,9370
596,1377,2025-06-13 00:00:00,A,9398
597,1379,2026-01-30 00:00:00,A,9354
598,1383,2026-03-05 00:00:00,A,9326
599,1387,2025-07-23 00:00:00,C,9007
600,1389,2025-10-28 00:00:00,A,9270
601,1394,2025-08-03 00:00:00,A,9144
602,1395,2025-04-28 00:00:00,A,9225
603,1396,2025-05-13 00:00:00,A,9005
604,1400,2026-02-17 00:00:00,A,9017
605,1401,2025-12-09 00:00:00,A,9113
606,1402,2025-07-14 00:00:00,A,9065
607,1403,2025-06-24 00:00:00,B,9031
608,1404,2025-09-03 00:00:00,A,9150
609,1407,2025-10-29 00:00:00,B,9295
610,1411,2025-06-13 00:00:00,A,9202
611,1413,2025-02-27 00:00:00,A,9242
612,1415,2026-05-03 00:00:00,A,9192
613,1417,2025-05-30 00:00:00,A,9209
614,1423,2025-11-01 00:00:00,B,9315
615,1425,2025-03-31 00:00:00,B,9233
616,1427,2025-06-17 00:00:00,B,9166
617,1431,2025-12-21 00:00:00,A,9076
618,1432,2025-05-20 00:00:00,A,9002
619,1434,2026-03-30 00:00:00,A,9049
620,1435,2025-12-19 00:00:00,C,9324
621,1439,2025-12-16 00:00:00,A,9223
622,1440,2025-07-11 00:00:00,A,9143
623,1442,2026-01-29 00:00:00,A,9274
624,1445,2025-07-13 00:00:00,A,9389
625,1447,2025-04-29 00:00:00,A,9242
626,1448,2025-06-21 00:00:00,A,9304
627,1449,2026-06-13 00:00:00,A,9233
628,1450,2025-10-29 00:00:00,A,9296
629,1451,2026-01-30 00:00:00,C,9136
630,1452,2025-06-14 00:00:00,B,9090
631,1455,2025-05-16 00:00:00,A,9084
632,1456,2026-04-22 00:00:00,B,9031
633,1460,2025-11-20 00:00:00,A,9199
634,1461,2025-11-28 00:00:00,A,9018
635,1464,2025-11-05 00:00:00,A,9116
636,1465,2026-05-07 00:00:00,A,9393
637,1467,2025-07-22 00:00:00,A,9342
638,1468,2025-05-21 00:00:00,A,9287
639,1469,2025-07-18 00:00:00,B,9280
640,1475,2025-11-01 00:00:00,A,9085
641,1476,2026-01-02 00:00:00,C,9300
642,1479,2026-03-02 00:00:00,A,9236
643,1484,2025-12-24 00:00:00,A,9274
644,1489,2025-07-30 00:00:00,B,9201
645,1496,2025-08-01 00:00:00,A,9397
646,1497,2025-10-25 00:00:00,A,9167
647,1498,2025-02-17 00:00:00,A,9248
648,1501,2026-03-31 00:00:00,A,9068
649,1510,2025-12-13 00:00:00,A,9194
650,1511,2026-05-07 00:00:00,B,9264
651,1514,2025-11-23 00:00:00,C,9378
652,1515,2026-04-11 00:00:00,C,9118
653,1517,2025-10-20 00:00:00,A,9400
654,1518,2025-05-23 00:00:00,C,9231
655,1520,2025-03-25 00:00:00,B,9284
656,1522,2026-06-01 00:00:00,A,9017
657,1527,2025-07-12 00:00:00,A,9059
658,1528,2025-04-17 00:00:00,B,9047
659,1529,2026-01-22 00:00:00,A,9073
660,1530,2026-02-26 00:00:00,A,9010
661,1531,2025-01-25 00:00:00,A,9368
662,1533,2026-02-23 00:00:00,B,9256
663,1534,2026-04-17 00:00:00,B,9372
664,1535,2026-01-02 00:00:00,A,9227
665,1536,2025-03-26 00:00:00,B,9114
666,1538,2025-05-08 00:00:00,A,9347
667,1541,2026-03-28 00:00:00,A,9052
668,1545,2025-05-05 00:00:00,A,9207
669,1546,2025-12-29 00:00:00,A,9077
670,1550,2025-09-27 00:00:00,A,9267
671,1551,2026-04-10 00:00:00,A,9114
672,1554,2025-05-26 00:00:00,A,9351
673,1555,2026-05-01 00:00:00,A,9155
674,1563,2025-05-28 00:00:00,B,9166
675,1565,2025-04-26 00:00:00,A,9203
676,1566,2026-05-05 00:00:00,A,9157
677,1567,2025-08-09 00:00:00,A,9377
678,1569,2025-06-30 00:00:00,A,9197
679,1572,2025-11-14 00:00:00,A,9380
680,1576,2025-05-02 00:00:00,B,9250
681,1577,2025-05-12 00:00:00,A,9253
682,1579,2025-12-06 00:00:00,A,9256
683,1584,2025-12-09 00:00:00,A,9220
684,1586,2025-07-25 00:00:00,A,9165
685,1587,2025-12-30 00:00:00,B,9374
686,1595,2026-01-10 00:00:00,A,9154
687,1598,2025-10-20 00:00:00,A,9219
688,1599,2026-02-02 00:00:00,A,9352
689,1601,2025-09-03 00:00:00,A,9114
690,1602,2025-06-05 00:00:00,A,9237
691,1604,2025-07-31 00:00:00,A,9085
692,1606,2025-11-29 00:00:00,A,9348
693,1607,2026-04-05 00:00:00,C,9255
694,1608,2025-10-27 00:00:00,A,9359
695,1611,2025-09-02 00:00:00,A,9313
696,1612,2026-04-06 00:00:00,A,9297
697,1613,2025-09-01 00:00:00,A,9103
698,1614,2025-10-09 00:00:00,B,9321
699,1615,2026-01-01 00:00:00,A,9396
700,1616,2025-09-12 00:00:00,B,9116
701,1617,2025-03-23 00:00:00,A,9397
702,1618,2025-07-12 00:00:00,A,9390
703,1623,2026-03-20 00:00:00,C,9104
704,1627,2025-09-21 00:00:00,B,9329
705,1629,2025-11-04 00:00:00,A,9042
706,1630,2026-04-27 00:00:00,A,9213
707,1631,2026-03-26 00:00:00,A,9274
708,1633,2026-02-09 00:00:00,A,9248
709,1635,2025-06-21 00:00:00,A,9210
710,1636,2025-10-20 00:00:00,A,9112
711,1637,2026-01-05 00:00:00,A,9198
712,1641,2025-11-22 00:00:00,A,9235
713,1642,2025-09-09 00:00:00,A,9248
714,1644,2025-11-06 00:00:00,A,9361
715,1645,2026-02-10 00:00:00,A,9185
716,1651,2026-01-09 00:00:00,A,9071
717,1655,2026-01-02 00:00:00,B,9394
718,1656,2026-01-20 00:00:00,A,9376
719,1658,2025-03-25 00:00:00,A,9237
720,1659,2025-10-03 00:00:00,A,9090
721,1661,2025-12-30 00:00:00,C,9387
722,1662,2025-10-11 00:00:00,B,9066
723,1664,2025-04-19 00:00:00,A,9301
724,1669,2025-04-04 00:00:00,C,9039
725,1670,2025-10-19 00:00:00,A,9240
726,1671,2025-08-12 00:00:00,A,9074
727,1672,2025-11-24 00:00:00,B,9151
728,1673,2025-02-21 00:00:00,A,9220
729,1675,2026-02-12 00:00:00,A,9192
730,1676,2026-04-18 00:00:00,A,9082
731,1679,2025-02-21 00:00:00,A,9321
732,1680,2025-06-21 00:00:00,A,9356
733,1681,2026-05-01 00:00:00,A,9321
734,1682,2025-11-18 00:00:00,A,9074
735,1684,2026-06-16 00:00:00,C,9003
736,1687,2025-10-25 00:00:00,B,9257
737,1690,2025-08-03 00:00:00,A,9190
738,1691,2026-02-09 00:00:00,A,9312
739,1694,2025-04-11 00:00:00,A,9266
740,1699,2026-04-16 00:00:00,A,9139
741,1700,2025-09-04 00:00:00,B,9001
742,1702,2026-04-02 00:00:00,C,9060
743,1703,2025-06-02 00:00:00,B,9006
744,1706,2026-05-07 00:00:00,A,9219
745,1707,2025-09-17 00:00:00,A,9013
746,1709,2025-12-31 00:00:00,A,9092
747,1710,2026-03-15 00:00:00,A,9287
748,1714,2025-04-21 00:00:00,B,9107
749,1721,2025-04-08 00:00:00,A,9105
750,1723,2025-10-11 00:00:00,A,9319
751,1727,2025-06-20 00:00:00,A,9242
752,1728,2026-01-06 00:00:00,A,9207
753,1730,2025-06-11 00:00:00,B,9132
754,1731,2025-04-09 00:00:00,A,9240
755,1734,2025-06-23 00:00:00,A,9204
756,1736,2025-05-05 00:00:00,A,9119
757,1737,2026-02-04 00:00:00,A,9294
758,1739,2025-04-23 00:00:00,B,9185
759,1741,2026-02-16 00:00:00,A,9144
760,1744,2025-12-05 00:00:00,A,9229
761,1745,2025-09-12 00:00:00,A,9390
762,1746,2025-07-07 00:00:00,A,9364
763,1748,2026-05-31 00:00:00,A,9185
764,1749,2026-05-08 00:00:00,A,9315
765,1753,2026-02-03 00:00:00,A,9358
766,1759,2026-03-02 00:00:00,A,9099
767,1761,2025-05-30 00:00:00,A,9092
768,1763,2025-07-22 00:00:00,A,9266
769,1766,2026-04-19 00:00:00,A,9292
770,1771,2025-05-06 00:00:00,A,9355
771,1772,2025-08-09 00:00:00,A,9302
772,1778,2025-12-03 00:00:00,A,9272
773,1780,2025-08-23 00:00:00,A,9118
774,1781,2025-02-27 00:00:00,A,9289
775,1782,2025-05-05 00:00:00,A,9108
776,1789,2025-03-19 00:00:00,C,9360
777,1791,2025-08-14 00:00:00,C,9156
778,1793,2025-09-16 00:00:00,A,9070
779,1794,2025-06-01 00:00:00,A,9085
780,1797,2025-08-25 00:00:00,A,9086
781,1800,2026-05-29 00:00:00,B,9087
782,1801,2026-01-17 00:00:00,A,9007
783,1805,2026-02-12 00:00:00,A,9160
784,1806,2025-11-18 00:00:00,C,9353
785,1808,2025-03-13 00:00:00,C,9260
786,1810,2025-12-08 00:00:00,A,9183
787,1814,2026-06-12 00:00:00,A,9133
788,1815,2025-06-06 00:00:00,A,9062
789,1817,2026-06-08 00:00:00,A,9202
790,1819,2025-05-01 00:00:00,A,9354
791,1821,2026-03-30 00:00:00,A,9325
792,1826,2025-09-02 00:00:00,A,9382
793,1827,2026-05-07 00:00:00,A,9316
794,1828,2025-12-03 00:00:00,A,9389
795,1833,2025-07-11 00:00:00,A,9120
796,1834,2025-08-02 00:00:00,A,9001
797,1836,2025-08-14 00:00:00,A,9051
798,1838,2025-10-16 00:00:00,A,9370
799,1839,2025-06-24 00:00:00,B,9094
800,1840,2025-11-16 00:00:00,A,9175
801,1842,2026-01-09 00:00:00,A,9097
802,1843,2025-09-22 00:00:00,A,9017
803,1844,2026-01-19 00:00:00,A,9191
804,1845,2026-04-30 00:00:00,A,9296
805,1846,2025-04-08 00:00:00,A,9379
806,1848,2026-05-02 00:00:00,C,9258
807,1851,2025-03-31 00:00:00,A,9343
808,1852,2026-02-23 00:00:00,B,9130
809,1858,2025-06-29 00:00:00,A,9049
810,1860,2025-05-23 00:00:00,A,9050
811,1861,2026-02-18 00:00:00,A,9219
812,1862,2025-07-16 00:00:00,A,9312
813,1864,2025-09-14 00:00:00,A,9225
814,1865,2025-02-14 00:00:00,A,9231
815,1866,2025-08-10 00:00:00,A,9217
816,1870,2025-08-05 00:00:00,A,9397
817,1873,2025-08-03 00:00:00,A,9079
818,1874,2025-09-03 00:00:00,A,9166
819,1875,2025-10-31 00:00:00,A,9014
820,1880,2025-12-29 00:00:00,C,9361
821,1883,2025-10-13 00:00:00,A,9146
822,1884,2025-05-01 00:00:00,A,9301
823,1885,2025-05-28 00:00:00,A,9271
824,1886,2025-10-17 00:00:00,A,9119
825,1888,2026-06-21 00:00:00,A,9114
826,1890,2026-02-18 00:00:00,A,9019
827,1892,2025-09-30 00:00:00,B,9137
828,1895,2025-10-19 00:00:00,B,9116
829,1898,2025-09-01 00:00:00,A,9153
830,1899,2025-12-09 00:00:00,B,9137
831,1902,2025-11-02 00:00:00,A,9302
832,1903,2026-02-16 00:00:00,A,9348
833,1904,2026-03-12 00:00:00,A,9031
834,1908,2026-04-11 00:00:00,A,9342
835,1911,2025-07-30 00:00:00,A,9393
836,1912,2026-05-04 00:00:00,A,9350
837,1913,2025-08-15 00:00:00,A,9322
838,1917,2025-05-07 00:00:00,B,9289
839,1918,2025-06-13 00:00:00,A,9250
840,1919,2025-12-17 00:00:00,A,9361
841,1922,2025-07-09 00:00:00,A,9005
842,1923,2025-07-14 00:00:00,A,9095
843,1924,2025-02-15 00:00:00,C,9127
844,1925,2026-05-06 00:00:00,A,9082
845,1928,2026-02-03 00:00:00,A,9129
846,1929,2025-11-17 00:00:00,A,9211
847,1930,2025-06-08 00:00:00,B,9220
848,1931,2025-06-18 00:00:00,A,9340
849,1932,2025-10-27 00:00:00,B,9355
850,1934,2026-06-02 00:00:00,A,9024
851,1936,2025-02-01 00:00:00,B,9301
852,1937,2025-08-18 00:00:00,C,9062
853,1939,2026-01-07 00:00:00,C,9057
854,1940,2026-03-20 00:00:00,A,9006
855,1941,2025-02-23 00:00:00,B,9186
856,1942,2025-01-27 00:00:00,A,9394
857,1943,2025-10-25 00:00:00,A,9138
858,1944,2025-06-11 00:00:00,A,9142
859,1945,2025-06-28 00:00:00,C,9224
860,1946,2026-03-26 00:00:00,A,9376
861,1950,2025-03-17 00:00:00,A,9382
862,1953,2026-01-28 00:00:00,A,9163
863,1955,2026-05-15 00:00:00,A,9069
864,1956,2026-02-27 00:00:00,C,9138
865,1957,2025-10-07 00:00:00,A,9046
866,1958,2025-05-28 00:00:00,C,9107
867,1963,2025-04-30 00:00:00,A,9204
868,1964,2025-12-22 00:00:00,A,9099
869,1965,2026-01-15 00:00:00,A,9302
870,1967,2025-07-29 00:00:00,A,9241
871,1968,2025-02-25 00:00:00,A,9352
872,1969,2025-11-12 00:00:00,C,9228
873,1976,2025-12-31 00:00:00,B,9333
874,1979,2025-05-27 00:00:00,B,9266
875,1981,2025-07-04 00:00:00,A,9240
876,1983,2025-06-06 00:00:00,A,9124
877,1985,2025-09-15 00:00:00,A,9318
878,1986,2025-08-26 00:00:00,A,9238
879,1993,2025-12-24 00:00:00,A,9060
880,1995,2025-09-18 00:00:00,B,9065
881,1996,2025-04-13 00:00:00,A,9199
882,1997,2026-05-11 00:00:00,A,9099
883,1999,2025-09-06 00:00:00,A,9110
884,2002,2026-06-21 00:00:00,A,9016
885,2006,2025-05-16 00:00:00,B,9266
886,2007,2025-10-26 00:00:00,A,9378
887,2008,2025-06-19 00:00:00,A,9027
888,2013,2025-12-20 00:00:00,A,9345
889,2014,2025-04-18 00:00:00,A,9315
890,2017,2025-04-23 00:00:00,A,9358
891,2021,2025-12-24 00:00:00,A,9287
892,2026,2025-10-14 00:00:00,A,9144
893,2029,2025-08-19 00:00:00,A,9023
894,2030,2026-02-07 00:00:00,A,9172
895,2032,2025-05-31 00:00:00,A,9298
896,2034,2025-08-29 00:00:00,A,9394
897,2035,2025-05-18 00:00:00,A,9244
898,2037,2025-05-06 00:00:00,A,9159
899,2038,2025-01-22 00:00:00,A,9093
900,2041,2025-05-15 00:00:00,B,9252
901,2047,2025-08-01 00:00:00,A,9145
902,2048,2025-05-30 00:00:00,B,9164
903,2050,2025-05-04 00:00:00,B,9301
904,2052,2025-04-25 00:00:00,A,9231
905,2055,2026-03-25 00:00:00,A,9049
906,2058,2025-08-25 00:00:00,A,9395
907,2059,2026-05-26 00:00:00,A,9076
908,2060,2026-02-07 00:00:00,A,9286
909,2061,2026-04-02 00:00:00,B,9188
910,2062,2026-05-17 00:00:00,A,9133
911,2065,2025-08-04 00:00:00,A,9127
912,2066,2025-03-07 00:00:00,A,9029
913,2067,2025-09-15 00:00:00,A,9193
914,2072,2025-12-03 00:00:00,A,9278
915,2076,2025-04-14 00:00:00,A,9295
916,2077,2025-12-10 00:00:00,A,9051
917,2081,2025-05-07 00:00:00,C,9338
918,2082,2025-07-20 00:00:00,B,9347
919,2084,2025-06-17 00:00:00,A,9076
920,2087,2025-06-18 00:00:00,A,9276
921,2090,2026-03-12 00:00:00,A,9025
922,2091,2025-03-22 00:00:00,C,9377
923,2094,2026-04-09 00:00:00,A,9159
924,2095,2026-05-03 00:00:00,B,9235
925,2096,2025-05-27 00:00:00,A,9211
926,2097,2026-03-05 00:00:00,A,9150
927,2100,2026-02-27 00:00:00,A,9172
928,2102,2025-05-28 00:00:00,B,9316
929,2103,2025-09-04 00:00:00,A,9170
930,2105,2025-08-06 00:00:00,B,9180
931,2106,2025-07-10 00:00:00,B,9259
932,2109,2026-04-14 00:00:00,A,9064
933,2121,2025-04-23 00:00:00,B,9010
934,2123,2025-08-31 00:00:00,A,9363
935,2129,2025-05-21 00:00:00,A,9099
936,2131,2025-07-05 00:00:00,A,9040
937,2133,2026-03-16 00:00:00,A,9232
938,2137,2025-07-06 00:00:00,A,9154
939,2140,2025-11-08 00:00:00,A,9135
940,2141,2025-10-18 00:00:00,A,9061
941,2145,2025-05-17 00:00:00,A,9046
942,2149,2025-08-21 00:00:00,C,9149
943,2151,2026-03-21 00:00:00,A,9362
944,2158,2026-03-19 00:00:00,A,9269
945,2160,2025-10-07 00:00:00,B,9092
946,2162,2025-10-16 00:00:00,A,9349
947,2168,2025-06-27 00:00:00,A,9102
948,2169,2025-06-24 00:00:00,A,9119
949,2170,2026-03-07 00:00:00,B,9337
950,2172,2025-10-24 00:00:00,A,9362
951,2173,2026-02-01 00:00:00,A,9342
952,2174,2025-10-10 00:00:00,B,9367
953,2175,2025-10-18 00:00:00,A,9123
954,2182,2025-02-23 00:00:00,C,9222
955,2183,2025-05-06 00:00:00,A,9373
956,2184,2025-07-08 00:00:00,A,9200
957,2185,2025-03-07 00:00:00,A,9055
958,2189,2026-01-03 00:00:00,A,9267
959,2192,2026-02-27 00:00:00,A,9209
960,2196,2025-10-17 00:00:00,A,9253
961,2200,2026-01-13 00:00:00,A,9161
962,2201,2025-12-29 00:00:00,A,9046
963,2202,2026-02-10 00:00:00,A,9275
964,2203,2025-03-14 00:00:00,A,9153
965,2205,2026-02-08 00:00:00,B,9161
966,2206,2025-07-15 00:00:00,C,9009
967,2208,2025-04-20 00:00:00,B,9040
968,2211,2026-01-12 00:00:00,B,9057
969,2213,2025-03-10 00:00:00,B,9130
970,2215,2025-09-22 00:00:00,A,9346
971,2216,2025-11-14 00:00:00,A,9004
972,2218,2025-12-03 00:00:00,A,9205
973,2220,2025-03-08 00:00:00,C,9102
974,2222,2025-07-14 00:00:00,C,9342
975,2226,2025-08-08 00:00:00,A,9338
976,2228,2025-06-28 00:00:00,A,9267
977,2230,2025-10-06 00:00:00,A,9340
978,2232,2026-01-05 00:00:00,A,9004
979,2235,2026-03-21 00:00:00,A,9092
980,2237,2025-04-19 00:00:00,B,9198
981,2239,2025-11-10 00:00:00,C,9151
982,2240,2026-01-27 00:00:00,A,9301
983,2243,2025-12-30 00:00:00,A,9074
984,2244,2025-04-05 00:00:00,A,9108
985,2247,2025-04-18 00:00:00,A,9007
986,2249,2025-12-25 00:00:00,B,9354
987,2250,2026-02-05 00:00:00,A,9286
988,2251,2026-05-14 00:00:00,A,9029
989,2254,2025-06-27 00:00:00,B,9018
990,2255,2025-12-26 00:00:00,B,9333
991,2256,2025-06-06 00:00:00,B,9127
992,2260,2025-11-27 00:00:00,B,9251
993,2261,2025-04-11 00:00:00,A,9249
994,2262,2026-03-22 00:00:00,A,9173
995,2266,2026-05-04 00:00:00,A,9249
996,2267,2026-05-06 00:00:00,B,9377
997,2269,2026-01-29 00:00:00,A,9100
998,2271,2025-11-03 00:00:00,A,9070
999,2272,2026-03-08 00:00:00,A,9060
1000,2277,2025-05-27 00:00:00,A,9360
1001,2279,2025-02-28 00:00:00,B,9164
1002,2287,2026-01-03 00:00:00,A,9219
1003,2289,2026-06-13 00:00:00,A,9161
1004,2290,2025-07-30 00:00:00,A,9093
1005,2292,2025-05-14 00:00:00,A,9174
1006,2293,2025-12-11 00:00:00,A,9167
1007,2294,2025-04-17 00:00:00,B,9149
1008,2295,2025-03-19 00:00:00,A,9012
1009,2296,2026-04-19 00:00:00,A,9068
1010,2298,2025-11-29 00:00:00,A,9163
1011,2301,2025-04-10 00:00:00,A,9015
1012,2302,2025-12-05 00:00:00,A,9236
1013,2305,2025-01-30 00:00:00,A,9191
1014,2307,2025-10-11 00:00:00,B,9315
1015,2308,2025-03-06 00:00:00,A,9068
1016,2312,2025-06-03 00:00:00,A,9117
1017,2314,2026-03-12 00:00:00,C,9274
1018,2319,2025-10-06 00:00:00,B,9279
1019,2322,2026-01-07 00:00:00,A,9312
1020,2323,2025-06-10 00:00:00,A,9066
1021,2324,2026-01-19 00:00:00,C,9069
1022,2328,2026-04-22 00:00:00,A,9035
1023,2329,2026-06-02 00:00:00,A,9159
1024,2334,2025-09-04 00:00:00,A,9323
1025,2336,2025-10-03 00:00:00,A,9058
1026,2340,2026-01-18 00:00:00,A,9387
1027,2341,2026-01-25 00:00:00,A,9102
1028,2342,2026-06-02 00:00:00,A,9291
1029,2344,2025-12-16 00:00:00,A,9148
1030,2348,2025-06-05 00:00:00,C,9227
1031,2353,2026-04-05 00:00:00,C,9390
1032,2354,2025-04-03 00:00:00,A,9008
1033,2355,2026-04-12 00:00:00,A,9118
1034,2356,2025-06-18 00:00:00,A,9200
1035,2357,2025-05-01 00:00:00,A,9072
1036,2359,2025-08-29 00:00:00,A,9125
1037,2360,2026-04-10 00:00:00,A,9386
1038,2361,2025-08-20 00:00:00,A,9163
1039,2362,2025-08-20 00:00:00,C,9394
1040,2363,2026-05-01 00:00:00,A,9311
1041,2364,2026-05-28 00:00:00,A,9140
1042,2365,2025-12-16 00:00:00,A,9310
1043,2372,2026-03-13 00:00:00,A,9381
1044,2374,2025-08-04 00:00:00,B,9097
1045,2378,2025-05-12 00:00:00,A,9267
1046,2380,2025-02-22 00:00:00,A,9346
1047,2383,2025-07-31 00:00:00,A,9086
1048,2384,2025-09-11 00:00:00,A,9097
1049,2389,2025-12-11 00:00:00,C,9400
1050,2392,2026-02-11 00:00:00,A,9060
1051,2393,2026-01-04 00:00:00,B,9369
1052,2399,2025-04-03 00:00:00,A,9269
1053,2403,2026-01-21 00:00:00,A,9089
1054,2405,2026-05-07 00:00:00,B,9066
1055,2409,2025-05-09 00:00:00,B,9128
1056,2410,2026-05-01 00:00:00,A,9357
1057,2412,2025-09-16 00:00:00,A,9151
1058,2413,2025-10-05 00:00:00,A,9239
1059,2415,2025-05-09 00:00:00,A,9372
1060,2417,2025-09-14 00:00:00,A,9085
1061,2418,2025-06-09 00:00:00,A,9233
1062,2419,2025-11-13 00:00:00,A,9268
1063,2421,2026-02-23 00:00:00,B,9145
1064,2422,2025-06-07 00:00:00,A,9241
1065,2423,2025-03-06 00:00:00,C,9376
1066,2426,2026-03-01 00:00:00,B,9014
1067,2427,2025-10-02 00:00:00,A,9160
1068,2429,2026-06-05 00:00:00,A,9075
1069,2433,2026-04-27 00:00:00,C,9164
1070,2434,2025-03-22 00:00:00,A,9348
1071,2435,2025-11-27 00:00:00,A,9072
1072,2436,2025-11-05 00:00:00,A,9196
1073,2437,2026-06-17 00:00:00,A,9375
1074,2442,2025-07-27 00:00:00,A,9112
1075,2443,2025-02-17 00:00:00,A,9152
1076,2444,2025-09-02 00:00:00,A,9211
1077,2447,2025-12-04 00:00:00,A,9197
1078,2448,2025-12-15 00:00:00,C,9181
1079,2452,2026-02-09 00:00:00,A,9147
1080,2453,2025-06-06 00:00:00,A,9347
1081,2454,2025-08-04 00:00:00,A,9213
1082,2459,2026-02-18 00:00:00,A,9246
1083,2461,2026-01-06 00:00:00,A,9116
1084,2463,2025-11-20 00:00:00,A,9311
1085,2466,2025-08-07 00:00:00,B,9018
1086,2467,2025-04-05 00:00:00,A,9024
1087,2469,2025-12-09 00:00:00,A,9072
1088,2471,2026-03-19 00:00:00,B,9080
1089,2472,2025-07-11 00:00:00,A,9145
1090,2473,2026-03-27 00:00:00,A,9155
1091,2474,2025-06-03 00:00:00,B,9395
1092,2478,2025-10-10 00:00:00,A,9306
1093,2479,2026-01-21 00:00:00,A,9026
1094,2482,2025-12-23 00:00:00,A,9214
1095,2484,2026-05-15 00:00:00,A,9107
1096,2485,2026-02-23 00:00:00,B,9006
1097,2486,2025-04-23 00:00:00,A,9061
1098,2489,2025-12-27 00:00:00,A,9029
1099,2494,2025-11-19 00:00:00,A,9005
1100,2498,2026-04-26 00:00:00,A,9172
1101,2500,2025-05-16 00:00:00,A,9283
1102,2503,2026-04-11 00:00:00,A,9218
1103,2504,2026-01-11 00:00:00,A,9006
1104,2508,2025-04-24 00:00:00,A,9261
1105,2511,2026-05-19 00:00:00,A,9133
1106,2513,2026-02-21 00:00:00,B,9400
1107,2520,2026-04-18 00:00:00,A,9175
1108,2522,2025-07-29 00:00:00,A,9363
1109,2523,2026-06-02 00:00:00,A,9127
1110,2524,2025-12-02 00:00:00,A,9357
1111,2526,2026-01-30 00:00:00,A,9389
1112,2527,2025-05-07 00:00:00,C,9065
1113,2528,2025-05-07 00:00:00,C,9184
1114,2529,2026-02-16 00:00:00,A,9252
1115,2531,2025-06-27 00:00:00,A,9321
1116,2535,2025-07-05 00:00:00,A,9248
1117,2538,2025-03-21 00:00:00,A,9311
1118,2539,2025-09-02 00:00:00,A,9132
1119,2542,2025-04-04 00:00:00,A,9221
1120,2544,2025-06-17 00:00:00,A,9128
1121,2547,2025-04-28 00:00:00,B,9039
1122,2548,2025-06-17 00:00:00,A,9212
1123,2551,2026-03-20 00:00:00,C,9151
1124,2554,2026-05-08 00:00:00,A,9326
1125,2555,2026-03-19 00:00:00,A,9137
1126,2556,2026-03-19 00:00:00,A,9210
1127,2558,2025-03-24 00:00:00,A,9146
1128,2563,2025-06-21 00:00:00,C,9227
1129,2570,2026-04-20 00:00:00,A,9271
1130,2571,2025-03-29 00:00:00,A,9118
1131,2574,2026-04-15 00:00:00,A,9392
1132,2576,2025-10-29 00:00:00,A,9032
1133,2578,2026-05-11 00:00:00,A,9279
1134,2580,2025-04-08 00:00:00,A,9218
1135,2582,2025-12-19 00:00:00,A,9155
1136,2583,2025-12-28 00:00:00,A,9108
1137,2584,2026-04-27 00:00:00,A,9175
1138,2585,2025-08-23 00:00:00,A,9089
1139,2588,2026-01-26 00:00:00,A,9034
1140,2589,2025-08-28 00:00:00,A,9400
1141,2591,2025-10-06 00:00:00,A,9352
1142,2592,2025-11-20 00:00:00,A,9046
1143,2595,2025-09-13 00:00:00,B,9314
1144,2600,2026-02-26 00:00:00,A,9064
1145,2601,2026-02-10 00:00:00,A,9010
1146,2603,2025-04-13 00:00:00,A,9353
1147,2606,2025-09-12 00:00:00,A,9368
1148,2607,2025-10-01 00:00:00,B,9042
1149,2608,2026-01-07 00:00:00,A,9369
1150,2609,2025-08-28 00:00:00,A,9245
1151,2611,2025-04-27 00:00:00,A,9060
1152,2615,2025-04-05 00:00:00,B,9106
1153,2616,2026-01-07 00:00:00,A,9264
1154,2617,2025-09-11 00:00:00,A,9166
1155,2618,2026-03-25 00:00:00,A,9160
1156,2619,2025-08-29 00:00:00,A,9049
1157,2620,2025-09-03 00:00:00,A,9321
1158,2625,2025-08-21 00:00:00,B,9285
1159,2626,2026-01-19 00:00:00,B,9288
1160,2627,2026-05-06 00:00:00,A,9134
1161,2629,2025-04-12 00:00:00,A,9066
1162,2630,2025-11-08 00:00:00,A,9133
1163,2633,2026-02-24 00:00:00,A,9333
1164,2634,2025-11-28 00:00:00,C,9195
1165,2636,2026-05-18 00:00:00,A,9198
1166,2637,2025-06-21 00:00:00,A,9322
1167,2640,2026-01-31 00:00:00,A,9241
1168,2641,2025-08-05 00:00:00,A,9368
1169,2642,2025-11-19 00:00:00,C,9328
1170,2645,2026-04-27 00:00:00,A,9307
1171,2648,2026-01-20 00:00:00,C,9360
1172,2649,2026-05-31 00:00:00,A,9121
1173,2650,2025-10-15 00:00:00,A,9231
1174,2654,2026-04-30 00:00:00,A,9280
1175,2656,2025-01-31 00:00:00,A,9058
1176,2659,2025-11-22 00:00:00,A,9202
1177,2660,2025-06-14 00:00:00,A,9262
1178,2662,2025-05-10 00:00:00,C,9267
1179,2663,2025-04-16 00:00:00,A,9068
1180,2665,2025-10-27 00:00:00,A,9369
1181,2667,2025-10-21 00:00:00,A,9030
1182,2668,2025-02-28 00:00:00,A,9320
1183,2670,2026-04-27 00:00:00,A,9010
1184,2672,2026-05-11 00:00:00,A,9371
1185,2675,2025-02-18 00:00:00,A,9087
1186,2676,2026-03-23 00:00:00,B,9119
1187,2677,2026-01-13 00:00:00,B,9066
1188,2678,2025-01-30 00:00:00,A,9174
1189,2679,2025-07-17 00:00:00,C,9328
1190,2680,2025-12-21 00:00:00,A,9043
1191,2684,2026-02-18 00:00:00,A,9278
1192,2685,2025-02-11 00:00:00,A,9265
1193,2686,2026-05-22 00:00:00,A,9133
1194,2692,2025-12-27 00:00:00,A,9223
1195,2693,2026-01-17 00:00:00,A,9131
1196,2694,2025-11-11 00:00:00,A,9093
1197,2695,2025-07-07 00:00:00,A,9367
1198,2699,2026-03-30 00:00:00,A,9213
1199,2700,2026-05-07 00:00:00,A,9107
1200,2701,2025-03-16 00:00:00,A,9263
1201,2702,2025-03-25 00:00:00,C,9203
1202,2707,2026-01-30 00:00:00,A,9075
1203,2708,2025-11-05 00:00:00,A,9162
1204,2709,2025-07-09 00:00:00,B,9389
1205,2711,2025-04-09 00:00:00,A,9109
1206,2714,2025-10-27 00:00:00,A,9323
1207,2715,2026-01-18 00:00:00,A,9140
1208,2717,2025-06-14 00:00:00,A,9363
1209,2718,2025-07-25 00:00:00,A,9284
1210,2720,2025-12-08 00:00:00,A,9148
1211,2723,2026-03-13 00:00:00,A,9059
1212,2725,2025-04-09 00:00:00,A,9196
1213,2727,2026-06-22 00:00:00,A,9262
1214,2730,2025-06-04 00:00:00,A,9255
1215,2732,2025-03-19 00:00:00,A,9098
1216,2736,2025-12-11 00:00:00,B,9334
1217,2738,2026-05-12 00:00:00,A,9092
1218,2739,2025-09-13 00:00:00,A,9371
1219,2742,2026-05-08 00:00:00,A,9089
1220,2743,2025-09-23 00:00:00,A,9169
1221,2744,2025-07-14 00:00:00,A,9263
1222,2746,2025-03-13 00:00:00,B,9249
1223,2747,2026-05-19 00:00:00,A,9294
1224,2750,2026-04-06 00:00:00,A,9105
1225,2754,2026-03-31 00:00:00,A,9359
1226,2757,2026-05-15 00:00:00,A,9048
1227,2758,2026-04-07 00:00:00,A,9011
1228,2763,2025-04-02 00:00:00,A,9084
1229,2765,2025-09-22 00:00:00,A,9028
1230,2767,2026-02-19 00:00:00,A,9254
1231,2769,2025-11-22 00:00:00,A,9324
1232,2770,2025-08-28 00:00:00,A,9281
1233,2772,2026-04-05 00:00:00,A,9240
1234,2773,2025-11-09 00:00:00,A,9340
1235,2775,2025-04-10 00:00:00,A,9307
1236,2779,2026-02-20 00:00:00,A,9054
1237,2780,2025-03-26 00:00:00,A,9385
1238,2781,2025-06-14 00:00:00,A,9074
1239,2784,2025-12-29 00:00:00,A,9249
1240,2785,2025-10-21 00:00:00,A,9199
1241,2788,2025-10-23 00:00:00,A,9234
1242,2790,2025-08-04 00:00:00,A,9244
1243,2792,2025-12-18 00:00:00,A,9257
1244,2796,2025-12-14 00:00:00,A,9173
1245,2798,2025-04-07 00:00:00,A,9082
1246,2800,2025-11-01 00:00:00,A,9249
1247,2804,2025-06-17 00:00:00,A,9008
1248,2806,2026-02-22 00:00:00,A,9338
1249,2807,2025-11-10 00:00:00,A,9331
1250,2808,2025-11-21 00:00:00,A,9295
1251,2811,2026-05-25 00:00:00,B,9375
1252,2812,2025-11-11 00:00:00,A,9218
1253,2814,2025-07-10 00:00:00,A,9040
1254,2815,2025-03-21 00:00:00,A,9379
1255,2816,2026-03-30 00:00:00,B,9261
1256,2818,2026-05-27 00:00:00,A,9111
1257,2821,2026-03-03 00:00:00,A,9072
1258,2823,2025-04-15 00:00:00,A,9258
1259,2825,2025-05-02 00:00:00,A,9132
1260,2826,2025-09-22 00:00:00,B,9229
1261,2829,2025-06-10 00:00:00,A,9337
1262,2831,2025-08-07 00:00:00,B,9388
1263,2832,2025-03-19 00:00:00,B,9200
1264,2833,2025-06-26 00:00:00,B,9286
1265,2834,2025-11-21 00:00:00,B,9021
1266,2835,2026-03-10 00:00:00,A,9175
1267,2837,2026-02-03 00:00:00,A,9099
1268,2838,2025-04-24 00:00:00,A,9060
1269,2840,2025-03-22 00:00:00,B,9168
1270,2841,2025-02-12 00:00:00,A,9357
1271,2842,2026-02-21 00:00:00,A,9124
1272,2843,2025-03-24 00:00:00,A,9386
1273,2845,2026-02-01 00:00:00,B,9198
1274,2846,2025-09-09 00:00:00,C,9206
1275,2847,2026-05-07 00:00:00,B,9381
1276,2848,2026-05-08 00:00:00,A,9388
1277,2854,2026-03-23 00:00:00,B,9259
1278,2859,2025-04-22 00:00:00,A,9229
1279,2863,2026-02-13 00:00:00,B,9145
1280,2864,2025-03-26 00:00:00,A,9353
1281,2865,2026-01-30 00:00:00,C,9260
1282,2866,2026-03-24 00:00:00,A,9376
1283,2869,2026-02-03 00:00:00,B,9005
1284,2870,2026-03-11 00:00:00,B,9299
1285,2871,2026-04-04 00:00:00,A,9285
1286,2874,2025-05-14 00:00:00,B,9222
1287,2878,2025-05-08 00:00:00,A,9397
1288,2881,2026-02-18 00:00:00,A,9224
1289,2882,2026-02-25 00:00:00,A,9051
1290,2884,2025-05-20 00:00:00,A,9145
1291,2888,2026-02-05 00:00:00,A,9375
1292,2890,2026-02-27 00:00:00,C,9393
1293,2891,2025-04-13 00:00:00,A,9223
1294,2892,2026-03-02 00:00:00,A,9368
1295,2893,2025-10-09 00:00:00,A,9328
1296,2896,2025-02-19 00:00:00,A,9019
1297,2898,2025-06-15 00:00:00,A,9078
1298,2899,2025-07-15 00:00:00,A,9004
1299,2910,2025-03-02 00:00:00,A,9177
1300,2911,2025-08-14 00:00:00,A,9148
1301,2912,2026-04-10 00:00:00,A,9247
1302,2913,2025-10-19 00:00:00,A,9055
1303,2914,2026-01-05 00:00:00,A,9060
1304,2915,2026-02-08 00:00:00,A,9199
1305,2917,2026-05-07 00:00:00,A,9396
1306,2919,2026-03-11 00:00:00,A,9251
1307,2920,2025-08-28 00:00:00,A,9075
1308,2921,2025-11-05 00:00:00,A,9354
1309,2923,2025-03-21 00:00:00,A,9073
1310,2924,2025-07-13 00:00:00,A,9270
1311,2925,2026-01-14 00:00:00,A,9308
1312,2926,2025-08-05 00:00:00,A,9300
1313,2930,2025-12-28 00:00:00,C,9070
1314,2931,2025-06-21 00:00:00,A,9166
1315,2936,2026-05-25 00:00:00,A,9369
1316,2939,2025-05-02 00:00:00,A,9153
1317,2944,2025-09-16 00:00:00,A,9321
1318,2946,2025-07-10 00:00:00,C,9223
1319,2947,2025-08-14 00:00:00,A,9128
1320,2949,2025-08-16 00:00:00,A,9129
1321,2954,2025-12-05 00:00:00,A,9383
1322,2955,2025-05-08 00:00:00,A,9351
1323,2957,2026-02-01 00:00:00,A,9036
1324,2959,2025-04-12 00:00:00,B,9102
1325,2960,2025-12-25 00:00:00,A,9187
1326,2961,2025-05-17 00:00:00,A,9326
1327,2963,2025-11-06 00:00:00,C,9311
1328,2964,2026-03-23 00:00:00,A,9231
1329,2965,2025-11-04 00:00:00,B,9007
1330,2966,2025-11-22 00:00:00,A,9263
1331,2968,2025-12-01 00:00:00,A,9318
1332,2969,2025-11-25 00:00:00,A,9049
1333,2971,2025-11-14 00:00:00,A,9093
1334,2972,2026-03-27 00:00:00,A,9009
1335,2973,2026-03-22 00:00:00,A,9320
1336,2974,2025-05-06 00:00:00,A,9019
1337,2977,2025-04-21 00:00:00,A,9167
1338,2979,2026-05-10 00:00:00,B,9066
1339,2980,2026-02-28 00:00:00,A,9130
1340,2984,2026-01-04 00:00:00,C,9149
1341,2985,2026-03-02 00:00:00,A,9059
1342,2987,2025-10-04 00:00:00,A,9150
1343,2990,2025-11-15 00:00:00,A,9281
1344,2995,2025-09-10 00:00:00,A,9015
1345,2998,2025-04-14 00:00:00,A,9337
1346,3001,2026-03-04 00:00:00,C,9310
1347,3002,2026-02-09 00:00:00,B,9191
